,"Total Beds (ES, TH, SH)",,,,,,,,,,,Emergency Shelter (ES),,,,,,,,,,Transitional Housing (TH),,,,,,,,Safe Haven (SH),,,,,,,,Total Rapid Re-Housing (Including Demonstration Programs),,,,,,,,Rapid Re-Housing (Excluding Demonstration Programs),,,,,,,,Rapid Re-Housing Demonstration Projects (DEM),,,,,,,,Permanent Supportive Housing (PSH),,,,,,,,Other Permanent Housing (OPH),,,,,,,
State,"Total Year-Round Beds (ES, TH, SH)","Total Non-DV Year-Round Beds (ES, TH, SH)","Total HMIS Year-Round Beds (ES, TH, SH)","HMIS Participation Rate for Year-Round Beds (ES, TH, SH)",Total Year-Round Beds (ES),Total Year-Round Beds (TH),Total Year-Round Beds (SH),"Total Units for Households with Children (ES, TH, SH)","Total Beds for Households with Children (ES, TH, SH)","Total Beds for Households without Children (ES, TH, SH)","Total Beds for Households with only Children (ES, TH, SH)",Total Year-Round Beds (ES),Total Non-DV Year-Round Beds (ES),Total HMIS Year-Round Beds (ES),HMIS Participation Rate for Year-Round Beds (ES),Total Seasonal Beds (ES),Total Overflow Beds (ES),Total Units for Households with Children (ES),Total Beds for Households with Children (ES),Total Beds for Households without Children (ES),Total Beds for Households with only Children (ES),Total Year-Round Beds (TH),Total Non-DV Year-Round Beds (TH),Total HMIS Year-Round Beds (TH),HMIS Participation Rate for Year-Round Beds (TH),Total Units for Households with Children (TH),Total Beds for Households with Children (TH),Total Beds for Households without Children (TH),Total Beds for Households with only Children (TH),Total Year-Round Beds (SH),Total Non-DV Year-Round Beds (SH),Total HMIS Year-Round Beds (SH),HMIS Participation Rate for Year-Round Beds (SH),Total Units for Households with Children (SH),Total Beds for Households with Children (SH),Total Beds for Households without Children (SH),Total Beds for Households with only Children (SH),Total Year-Round Beds (RRH & DEM),Total Non-DV Year-Round Beds (RRH & DEM),Total HMIS Year-Round Beds (RRH & DEM),HMIS Participation Rate for Year-Round Beds (RRH & DEM),Total Units for Households with Children (RRH & DEM),Total Beds for Households with Children (RRH & DEM),Total Beds for Households without Children (RRH & DEM),Total Beds for Households with only Children (RRH & DEM),Total Year-Round Beds (RRH),Total Non-DV Year-Round Beds (RRH),Total HMIS Year-Round Beds (RRH),HMIS Participation Rate for Year-Round Beds (RRH),Total Units for Households with Children (RRH),Total Beds for Households with Children (RRH),Total Beds for Households without Children (RRH),Total Beds for Households with only Children (RRH),Total Year-Round Beds (DEM),Total Non-DV Year-Round Beds (DEM),Total HMIS Year-Round Beds (DEM),HMIS Participation Rate for Year-Round Beds (DEM),Total Units for Households with Children (DEM),Total Beds for Households with Children (DEM),Total Beds for Households without Children (DEM),Total Beds for Households with only Children (DEM),Total Year-Round Beds (PSH),Total Non-DV Year-Round Beds (PSH),Total HMIS Year-Round Beds (PSH),HMIS Participation Rate for Year-Round Beds (PSH),Total Units for Households with Children (PSH),Total Beds for Households with Children (PSH),Total Beds for Households without Children (PSH),Total Beds for Households with only Children (PSH),Total Year-Round Beds (OPH),Total Non-DV Year-Round Beds (OPH),Total HMIS Year-Round Beds (OPH),HMIS Participation Rate for Year-Round Beds (OPH),Total Units for Households with Children (OPH),Total Beds for Households with Children (OPH),Total Beds for Households without Children (OPH),Total Beds for Households with only Children (OPH)
AK,1860,1425,1134,60.97%,1184,676,0,202,651,1167,42,1184,826,640,54.05%,61,103,123,387,772,25,676,599,494,73.08%,79,264,395,17,0,0,0,.,0,0,0,0,35,21,21,60.00%,9,25,10,0,35,21,21,60.00%,9,25,10,0,0,0,0,.,0,0,0,0,776,766,448,57.73%,70,255,521,0,71,71,71,100.00%,0,0,71,0
AL,3613,3121,1795,49.68%,1868,1711,34,413,1253,2316,44,1868,1576,926,49.57%,60,127,181,544,1280,44,1711,1511,835,48.80%,232,709,1002,0,34,34,34,100.00%,0,0,34,0,720,720,651,90.42%,107,354,366,0,720,720,651,90.42%,107,354,366,0,0,0,0,.,0,0,0,0,2995,2995,1952,65.18%,391,1207,1788,0,210,210,0,0.00%,6,20,190,0
AR,2486,1839,1007,40.51%,1727,759,0,301,963,1480,43,1727,1142,546,31.62%,0,320,209,693,1009,25,759,707,461,60.74%,92,270,471,18,0,0,0,.,0,0,0,0,124,124,124,100.00%,32,79,45,0,124,124,124,100.00%,32,79,45,0,0,0,0,.,0,0,0,0,708,708,607,85.73%,121,329,379,0,328,322,22,6.71%,3,11,317,0
AZ,7473,6429,5680,76.01%,3692,3741,40,1190,3412,3957,104,3692,2910,2703,73.21%,133,80,499,1496,2115,81,3741,3479,2937,78.51%,691,1916,1802,23,40,40,40,100.00%,0,0,40,0,1543,1481,1418,91.90%,350,1076,467,0,1256,1194,1131,90.05%,245,789,467,0,287,287,287,100.00%,105,287,0,0,6789,6789,5141,75.73%,672,2109,4680,0,1322,1322,965,73.00%,236,946,376,0
CA,45929,41095,30125,65.59%,20857,24900,172,6282,21335,24151,443,20857,18315,11624,55.73%,5334,1119,2554,9127,11347,383,24900,22608,18348,73.69%,3728,12208,12632,60,172,172,153,88.95%,0,0,172,0,6673,6417,5698,85.39%,1702,5671,1001,1,6673,6417,5698,85.39%,1702,5671,1001,1,0,0,0,.,0,0,0,0,50221,49800,35359,70.41%,5376,16343,33873,5,1745,1745,1339,76.73%,397,1176,569,0
CO,7653,6834,5168,67.53%,3263,4365,25,1136,4088,3244,321,3263,2729,1888,57.86%,1034,533,331,1438,1757,68,4365,4080,3255,74.57%,805,2650,1462,253,25,25,25,100.00%,0,0,25,0,849,849,845,99.53%,184,538,311,0,822,822,818,99.51%,175,511,311,0,27,27,27,100.00%,9,27,0,0,3334,3268,2659,79.75%,462,853,2481,0,10,10,0,0.00%,1,10,0,0
CT,3399,3056,2796,82.26%,2295,1104,0,477,1513,1868,18,2295,2038,1943,84.66%,375,162,288,992,1285,18,1104,1018,853,77.26%,189,521,583,0,0,0,0,.,0,0,0,0,406,406,382,94.09%,95,279,127,0,289,289,277,95.85%,68,209,80,0,117,117,105,89.74%,27,70,47,0,6216,6142,4883,78.56%,867,2344,3872,0,0,0,0,.,0,0,0,0
DC,6963,6570,6374,91.54%,4843,2120,0,1239,3798,3155,10,4843,4670,4571,94.38%,599,103,811,2607,2226,10,2120,1900,1803,85.05%,428,1191,929,0,0,0,0,.,0,0,0,0,2921,2921,2921,100.00%,888,2736,185,0,2859,2859,2859,100.00%,868,2674,185,0,62,62,62,100.00%,20,62,0,0,5679,5643,5059,89.08%,853,2703,2976,0,0,0,0,.,0,0,0,0
DE,1146,1068,621,54.19%,588,558,0,184,497,633,16,588,510,290,49.32%,70,45,67,215,368,5,558,558,331,59.32%,117,282,265,11,0,0,0,.,0,0,0,0,176,176,176,100.00%,40,147,29,0,176,176,176,100.00%,40,147,29,0,0,0,0,.,0,0,0,0,727,727,546,75.10%,21,63,664,0,0,0,0,.,0,0,0,0
FL,22026,19428,16166,73.40%,10891,10997,138,2605,9254,12345,427,10891,9108,7853,72.11%,391,728,1108,4208,6392,291,10997,10204,8175,74.34%,1497,5046,5815,136,138,138,138,100.00%,0,0,138,0,3126,3070,2796,89.44%,547,1731,1395,0,2926,2870,2596,88.72%,483,1531,1395,0,200,200,200,100.00%,64,200,0,0,16271,16229,11201,68.84%,2495,6599,9672,0,1483,1483,554,37.36%,274,756,727,0
GA,9219,7760,5601,60.75%,4416,4803,0,1126,3877,5321,21,4416,3500,2368,53.62%,257,270,454,1650,2753,13,4803,4264,3233,67.31%,672,2227,2568,8,0,0,0,.,0,0,0,0,991,916,745,75.18%,254,785,206,0,948,873,745,78.59%,235,742,206,0,43,43,0,0.00%,19,43,0,0,8319,8283,5920,71.16%,1286,3161,5158,0,28,28,0,0.00%,0,0,28,0
GU,154,101,100,64.94%,132,22,0,19,82,43,29,132,108,78,59.09%,0,7,19,82,21,29,22,22,22,100.00%,0,0,22,0,0,0,0,.,0,0,0,0,0,0,0,.,0,0,0,0,0,0,0,.,0,0,0,0,0,0,0,.,0,0,0,0,104,104,57,54.81%,10,27,77,0,0,0,0,.,0,0,0,0
HI,4363,4174,3974,91.08%,1404,2934,25,782,2840,1507,16,1404,1252,1241,88.39%,0,61,213,641,747,16,2934,2897,2708,92.30%,569,2199,735,0,25,25,25,100.00%,0,0,25,0,54,54,54,100.00%,4,13,41,0,54,54,54,100.00%,4,13,41,0,0,0,0,.,0,0,0,0,1305,1305,1029,78.85%,140,344,961,0,0,0,0,.,0,0,0,0
IA,3606,2935,2015,55.88%,1615,1991,0,656,2032,1560,14,1615,1246,647,40.06%,25,102,219,704,907,4,1991,1689,1368,68.71%,437,1328,653,10,0,0,0,.,0,0,0,0,271,188,184,67.90%,89,217,54,0,271,188,184,67.90%,89,217,54,0,0,0,0,.,0,0,0,0,1022,1022,652,63.80%,169,512,510,0,241,241,218,90.46%,40,147,94,0
ID,1859,1586,940,50.56%,939,920,0,290,903,942,14,939,706,342,36.42%,0,33,136,389,536,14,920,880,598,65.00%,154,514,406,0,0,0,0,.,0,0,0,0,306,306,305,99.67%,68,248,58,0,306,306,305,99.67%,68,248,58,0,0,0,0,.,0,0,0,0,854,832,612,71.66%,130,407,447,0,0,0,0,.,0,0,0,0
IL,11975,10628,8559,71.47%,4918,6977,80,1706,5940,5923,112,4918,3996,2592,52.70%,611,297,418,1588,3281,49,6977,6552,5887,84.38%,1288,4352,2562,63,80,80,80,100.00%,0,0,80,0,976,976,955,97.85%,274,818,158,0,976,976,955,97.85%,274,818,158,0,0,0,0,.,0,0,0,0,12162,12162,10015,82.35%,1455,4418,7744,0,272,272,62,22.79%,57,211,61,0
IN,6511,5078,3208,49.27%,3715,2746,50,963,3210,3230,71,3715,2747,1482,39.89%,419,405,515,1789,1864,62,2746,2281,1676,61.03%,448,1421,1316,9,50,50,50,100.00%,0,0,50,0,1248,1220,1220,97.76%,249,711,535,2,1248,1220,1220,97.76%,249,711,535,2,0,0,0,.,0,0,0,0,3171,3157,2290,72.22%,410,1134,2037,0,132,118,8,6.06%,18,50,82,0
KS,2979,2319,1634,54.85%,1844,1115,20,461,1517,1450,12,1844,1355,923,50.05%,120,114,253,859,985,0,1115,944,691,61.97%,208,658,445,12,20,20,20,100.00%,0,0,20,0,186,168,168,90.32%,47,139,47,0,186,168,168,90.32%,47,139,47,0,0,0,0,.,0,0,0,0,1400,1400,1329,94.93%,175,497,903,0,12,12,0,0.00%,2,6,6,0
KY,4087,3527,2644,64.69%,2320,1767,0,449,1390,2660,37,2320,1886,1160,50.00%,115,142,204,672,1611,37,1767,1641,1484,83.98%,245,718,1049,0,0,0,0,.,0,0,0,0,212,209,209,98.58%,48,152,60,0,212,209,209,98.58%,48,152,60,0,0,0,0,.,0,0,0,0,3347,3199,2334,69.73%,523,1428,1919,0,98,98,98,100.00%,35,77,21,0
LA,4028,3527,2671,66.31%,1931,2055,42,370,1253,2711,64,1931,1629,1266,65.56%,59,49,175,629,1263,39,2055,1856,1363,66.33%,195,624,1406,25,42,42,42,100.00%,0,0,42,0,814,812,623,76.54%,171,533,281,0,616,614,425,68.99%,110,335,281,0,198,198,198,100.00%,61,198,0,0,4634,4568,3303,71.28%,513,1386,3248,0,27,27,27,100.00%,2,4,23,0
MA,17707,16671,15263,86.20%,13961,3693,53,4226,12343,5352,12,13961,13506,12675,90.79%,383,3579,3649,10862,3095,4,3693,3112,2546,68.94%,577,1481,2204,8,53,53,42,79.25%,0,0,53,0,2515,2515,1126,44.77%,368,2105,410,0,2413,2413,1024,42.44%,343,2014,399,0,102,102,102,100.00%,25,91,11,0,11088,11029,9018,81.33%,1195,3086,8002,0,1904,1877,1309,68.75%,476,1243,661,0
MD,6076,5607,4591,75.56%,3014,2953,109,784,2824,3234,18,3014,2653,2289,75.95%,872,863,295,1376,1620,18,2953,2845,2193,74.26%,489,1448,1505,0,109,109,109,100.00%,0,0,109,0,601,560,531,88.35%,221,508,93,0,567,526,511,90.12%,211,474,93,0,34,34,20,58.82%,10,34,0,0,7405,7405,5625,75.96%,1634,4029,3376,0,284,284,284,100.00%,68,171,113,0
ME,2576,2213,2036,79.04%,1204,1357,15,465,1447,1125,4,1204,1031,916,76.08%,0,135,177,559,641,4,1357,1167,1105,81.43%,288,888,469,0,15,15,15,100.00%,0,0,15,0,173,173,173,100.00%,62,120,53,0,173,173,173,100.00%,62,120,53,0,0,0,0,.,0,0,0,0,2764,2729,2657,96.13%,573,1387,1377,0,0,0,0,.,0,0,0,0
MI,10337,8351,7730,74.78%,5634,4622,81,1437,4768,5383,186,5634,4397,4046,71.81%,819,365,642,2306,3198,130,4622,3873,3616,78.23%,795,2462,2104,56,81,81,68,83.95%,0,0,81,0,1729,1690,1683,97.34%,372,1139,590,0,1729,1690,1683,97.34%,372,1139,590,0,0,0,0,.,0,0,0,0,8026,7966,7159,89.20%,1125,3459,4567,0,8395,8395,4021,47.90%,1655,6004,2391,0
MN,6779,5903,4811,70.97%,3639,3140,0,1177,3915,2745,119,3639,2912,2345,64.44%,173,383,500,1691,1877,71,3140,2991,2466,78.54%,677,2224,868,48,0,0,0,.,0,0,0,0,3229,3229,3150,97.55%,992,2821,403,5,3229,3229,3150,97.55%,992,2821,403,5,0,0,0,.,0,0,0,0,12372,12267,8728,70.55%,1949,6121,6195,56,228,220,171,75.00%,59,175,53,0
MO,6700,4798,2834,42.30%,4128,2514,58,1169,3126,3422,152,4128,2565,1837,44.50%,139,428,601,1791,2230,107,2514,2189,971,38.62%,568,1335,1134,45,58,58,26,44.83%,0,0,58,0,907,835,832,91.73%,164,531,376,0,907,835,832,91.73%,164,531,376,0,0,0,0,.,0,0,0,0,5016,4999,3051,60.83%,1104,2674,2342,0,148,118,106,71.62%,16,32,116,0
MS,1498,1115,874,58.34%,729,769,0,207,765,702,31,729,462,396,54.32%,95,29,95,342,367,20,769,653,478,62.16%,112,423,335,11,0,0,0,.,0,0,0,0,262,262,262,100.00%,39,143,119,0,262,262,262,100.00%,39,143,119,0,0,0,0,.,0,0,0,0,314,304,231,73.57%,38,121,193,0,0,0,0,.,0,0,0,0
MT,1224,949,387,31.62%,761,463,0,252,649,567,8,761,591,144,18.92%,43,116,114,365,395,1,463,358,243,52.48%,138,284,172,7,0,0,0,.,0,0,0,0,50,50,50,100.00%,15,22,28,0,50,50,50,100.00%,15,22,28,0,0,0,0,.,0,0,0,0,550,550,315,57.27%,141,243,307,0,23,23,23,100.00%,3,6,17,0
NC,9337,7914,5803,62.15%,6062,3275,0,1004,3752,5521,64,6062,4782,3560,58.73%,600,471,556,2250,3753,59,3275,3132,2243,68.49%,448,1502,1768,5,0,0,0,.,0,0,0,0,1340,1315,1258,93.88%,343,1040,300,0,1340,1315,1258,93.88%,343,1040,300,0,0,0,0,.,0,0,0,0,6250,6232,4953,79.25%,914,2741,3509,0,0,0,0,.,0,0,0,0
ND,966,731,713,73.81%,770,196,0,152,442,524,0,770,582,580,75.32%,0,69,130,349,421,0,196,149,133,67.86%,22,93,103,0,0,0,0,.,0,0,0,0,16,16,16,100.00%,0,0,16,0,16,16,16,100.00%,0,0,16,0,0,0,0,.,0,0,0,0,746,746,610,81.77%,90,219,527,0,0,0,0,.,0,0,0,0
NE,2973,2709,1954,65.72%,1559,1414,0,401,1338,1569,66,1559,1346,951,61.00%,51,258,162,594,921,44,1414,1363,1003,70.93%,239,744,648,22,0,0,0,.,0,0,0,0,417,379,379,90.89%,90,291,126,0,417,379,379,90.89%,90,291,126,0,0,0,0,.,0,0,0,0,1024,1024,637,62.21%,127,382,642,0,181,181,71,39.23%,54,115,66,0
NH,1369,1203,1082,79.04%,748,612,9,275,766,587,16,748,582,534,71.39%,119,16,122,351,381,16,612,612,539,88.07%,153,415,197,0,9,9,9,100.00%,0,0,9,0,116,116,116,100.00%,31,90,26,0,116,116,116,100.00%,31,90,26,0,0,0,0,.,0,0,0,0,1110,1110,747,67.30%,184,535,575,0,0,0,0,.,0,0,0,0
NJ,7737,6863,6363,82.24%,4618,3099,20,1361,3897,3763,77,4618,4047,3743,81.05%,217,3128,830,2244,2321,53,3099,2796,2600,83.90%,531,1653,1422,24,20,20,20,100.00%,0,0,20,0,1201,1201,1186,98.75%,216,533,668,0,1158,1158,1143,98.70%,205,490,668,0,43,43,43,100.00%,11,43,0,0,5939,5860,4648,78.26%,796,2243,3696,0,152,152,152,100.00%,34,103,49,0
NM,2277,1462,899,39.48%,1265,1012,0,352,1308,839,130,1265,748,349,27.59%,425,54,127,626,569,70,1012,714,550,54.35%,225,682,270,60,0,0,0,.,0,0,0,0,336,327,308,91.67%,68,200,136,0,336,327,308,91.67%,68,200,136,0,0,0,0,.,0,0,0,0,2049,2049,1220,59.54%,296,714,1335,0,0,0,0,.,0,0,0,0
NV,4466,4196,3867,86.59%,2904,1537,25,383,1029,3397,40,2904,2670,2605,89.70%,328,309,279,761,2120,23,1537,1508,1237,80.48%,104,268,1252,17,25,25,25,100.00%,0,0,25,0,447,447,447,100.00%,89,288,159,0,447,447,447,100.00%,89,288,159,0,0,0,0,.,0,0,0,0,2587,2587,1738,67.18%,309,768,1819,0,56,56,20,35.71%,0,0,56,0
NY,86578,82773,73499,84.89%,77017,9345,216,15923,54257,32067,254,77017,74170,65941,85.62%,333,2111,14724,50763,26087,167,9345,8397,7351,78.66%,1199,3494,5764,87,216,207,207,95.83%,0,0,216,0,3055,3007,465,15.22%,775,2685,370,0,3055,3007,465,15.22%,775,2685,370,0,0,0,0,.,0,0,0,0,39971,39448,24803,62.05%,3967,11515,28449,7,602,602,214,35.55%,139,417,185,0
OH,10273,9054,7611,74.09%,6676,3506,91,1316,3953,6226,94,6676,5782,4654,69.71%,522,732,824,2518,4069,89,3506,3181,2877,82.06%,492,1435,2066,5,91,91,80,87.91%,0,0,91,0,3707,3622,3611,97.41%,923,2901,806,0,3453,3368,3357,97.22%,843,2647,806,0,254,254,254,100.00%,80,254,0,0,15824,15709,13626,86.11%,2152,6207,9545,72,0,0,0,.,0,0,0,0
OK,3804,3056,2362,62.09%,2933,846,25,400,1366,2352,86,2933,2285,1818,61.98%,60,193,277,959,1888,86,846,746,519,61.35%,123,407,439,0,25,25,25,100.00%,0,0,25,0,104,104,100,96.15%,12,43,61,0,104,104,100,96.15%,12,43,61,0,0,0,0,.,0,0,0,0,1517,1495,1007,66.38%,128,375,1142,0,10,10,0,0.00%,1,3,7,0
OR,6144,5636,3275,53.30%,3062,3072,10,1177,2522,3503,119,3062,2706,1226,40.04%,554,430,610,1229,1767,66,3072,2920,2039,66.37%,567,1293,1726,53,10,10,10,100.00%,0,0,10,0,2000,1801,1788,89.40%,517,1591,409,0,1871,1672,1668,89.15%,477,1462,409,0,129,129,120,93.02%,40,129,0,0,5889,5825,4416,74.99%,823,2110,3779,0,79,79,79,100.00%,17,62,17,0
PA,16140,14229,12077,74.83%,8452,7420,268,2754,8699,7386,55,8452,7255,5745,67.97%,1135,317,1161,3994,4412,46,7420,6706,6109,82.33%,1593,4705,2706,9,268,268,223,83.21%,0,0,268,0,2604,2604,2554,98.08%,475,1605,999,0,2536,2536,2486,98.03%,454,1537,999,0,68,68,68,100.00%,21,68,0,0,13610,13533,10387,76.32%,2112,6665,6945,0,1087,1087,1087,100.00%,300,900,187,0
PR,2112,1671,1665,78.84%,646,1391,75,208,722,1354,36,646,506,503,77.86%,0,0,27,124,486,36,1391,1090,1087,78.15%,181,598,793,0,75,75,75,100.00%,0,0,75,0,272,272,117,43.01%,34,118,154,0,272,272,117,43.01%,34,118,154,0,0,0,0,.,0,0,0,0,1721,1592,1554,90.30%,209,563,1158,0,284,284,284,100.00%,3,9,275,0
RI,1142,1008,872,76.36%,705,437,0,202,557,585,0,705,617,497,70.50%,148,38,93,282,423,0,437,391,375,85.81%,109,275,162,0,0,0,0,.,0,0,0,0,373,373,373,100.00%,65,223,150,0,373,373,373,100.00%,65,223,150,0,0,0,0,.,0,0,0,0,1506,1506,1411,93.69%,240,678,828,0,118,118,118,100.00%,25,68,50,0
SC,3755,3303,2075,55.26%,1676,2067,12,371,1424,2310,21,1676,1314,739,44.09%,454,76,101,658,1005,13,2067,1977,1324,64.05%,270,766,1293,8,12,12,12,100.00%,0,0,12,0,265,245,168,63.40%,34,100,165,0,265,245,168,63.40%,34,100,165,0,0,0,0,.,0,0,0,0,1976,1932,1438,72.77%,290,632,1344,0,104,75,0,0.00%,35,104,0,0
SD,1460,1047,663,45.41%,1112,348,0,355,823,577,60,1112,717,349,31.38%,0,114,224,599,471,42,348,336,314,90.23%,131,224,106,18,0,0,0,.,0,0,0,0,80,31,31,38.75%,36,61,19,0,80,31,31,38.75%,36,61,19,0,0,0,0,.,0,0,0,0,621,621,517,83.25%,184,293,328,0,0,0,0,.,0,0,0,0
TN,6981,6351,3505,50.21%,4237,2728,16,828,2384,4587,10,4237,3778,1479,34.91%,279,274,510,1410,2817,10,2728,2557,2010,73.68%,318,974,1754,0,16,16,16,100.00%,0,0,16,0,740,740,708,95.68%,229,598,142,0,740,740,708,95.68%,229,598,142,0,0,0,0,.,0,0,0,0,4800,4741,3100,64.58%,862,2214,2586,0,99,84,32,32.32%,19,56,43,0
TX,20812,16272,11477,55.15%,13382,7302,128,2651,9696,10853,263,13382,10555,6774,50.62%,89,954,1216,4945,8200,237,7302,5590,4598,62.97%,1435,4751,2525,26,128,128,105,82.03%,0,0,128,0,2059,1609,1538,74.70%,804,1460,591,8,2014,1564,1493,74.13%,789,1415,591,8,45,45,45,100.00%,15,45,0,0,13058,12755,9380,71.83%,3339,6304,6754,0,438,438,210,47.95%,62,180,258,0
UT,2760,1986,1765,63.95%,1697,1039,24,367,1197,1554,9,1697,1219,1052,61.99%,445,24,177,605,1083,9,1039,743,689,66.31%,190,592,447,0,24,24,24,100.00%,0,0,24,0,637,637,635,99.69%,142,494,143,0,637,637,635,99.69%,142,494,143,0,0,0,0,.,0,0,0,0,2403,2397,2086,86.81%,351,1100,1303,0,2,2,2,100.00%,0,0,2,0
VA,6077,4858,4073,67.02%,3942,2079,56,930,3427,2616,34,3942,3049,2516,63.83%,1151,492,491,1932,1976,34,2079,1764,1501,72.20%,439,1495,584,0,56,56,56,100.00%,0,0,56,0,2029,1744,1585,78.12%,522,1623,406,0,2029,1744,1585,78.12%,522,1623,406,0,0,0,0,.,0,0,0,0,4020,4020,2323,57.79%,460,1686,2334,0,312,312,217,69.55%,18,67,245,0
VI,128,85,62,48.44%,82,46,0,16,50,78,0,82,52,37,45.12%,0,0,10,37,45,0,46,33,25,54.35%,6,13,33,0,0,0,0,.,0,0,0,0,0,0,0,.,0,0,0,0,0,0,0,.,0,0,0,0,0,0,0,.,0,0,0,0,35,35,25,71.43%,0,0,35,0,0,0,0,.,0,0,0,0
VT,903,808,223,24.70%,583,316,4,121,332,571,0,583,523,122,20.93%,62,476,68,183,400,0,316,281,97,30.70%,53,149,167,0,4,4,4,100.00%,0,0,4,0,315,315,0,0.00%,98,291,24,0,315,315,0,0.00%,98,291,24,0,0,0,0,.,0,0,0,0,529,529,285,53.88%,40,109,420,0,0,0,0,.,0,0,0,0
WA,14476,12907,9854,68.07%,7415,7016,45,2415,8086,6200,190,7415,6455,4766,64.28%,1222,748,855,3035,4247,133,7016,6407,5043,71.88%,1560,5051,1908,57,45,45,45,100.00%,0,0,45,0,6415,6279,4807,74.93%,1433,4470,1943,2,6344,6236,4736,74.65%,1409,4406,1936,2,71,43,71,100.00%,24,64,7,0,9628,9592,7036,73.08%,888,2638,6980,10,3601,3404,2460,68.31%,856,2834,758,9
WI,6703,5286,4703,70.16%,3656,2983,64,1280,3930,2715,58,3656,2679,2369,64.80%,351,297,619,1959,1646,51,2983,2543,2270,76.10%,661,1971,1005,7,64,64,64,100.00%,0,0,64,0,514,514,490,95.33%,119,415,99,0,497,497,473,95.17%,114,398,99,0,17,17,17,100.00%,5,17,0,0,2918,2909,2219,76.05%,268,758,2160,0,95,95,42,44.21%,11,42,53,0
WV,1815,1536,1133,62.42%,1279,523,13,217,665,1140,10,1279,1095,794,62.08%,40,94,140,409,865,5,523,428,326,62.33%,77,256,262,5,13,13,13,100.00%,0,0,13,0,158,158,155,98.10%,28,90,68,0,158,158,155,98.10%,28,90,68,0,0,0,0,.,0,0,0,0,1166,1166,848,72.73%,175,458,708,0,148,148,140,94.59%,13,36,112,0
WY,853,654,505,59.20%,450,403,0,143,433,419,1,450,290,207,46.00%,19,3,78,189,260,1,403,364,298,73.95%,65,244,159,0,0,0,0,.,0,0,0,0,15,15,15,100.00%,4,10,5,0,15,15,15,100.00%,4,10,5,0,0,0,0,.,0,0,0,0,207,207,16,7.73%,22,48,157,2,0,0,0,.,0,0,0,0
Total,426267,375705,302818,71.04%,264440,159784,2043,66170,216700,205486,4081,264440,230170,183641,69.45%,20791,22376,39261,133007,128575,2858,159784,143606,117297,73.41%,26909,83693,74868,1223,2043,2034,1880,92.02%,0,0,2043,0,60312,58219,50152,83.15%,14478,44861,15433,18,58615,56550,48533,82.80%,13942,43229,15368,18,1697,1669,1619,95.40%,536,1632,65,0,318673,315969,233211,73.18%,43124,119194,199327,152,24329,24003,14406,59.21%,4935,16041,8279,9